<?xml version="1.0" encoding="UTF-8" standalone="yes"?>
<ns2:instrument xmlns:ns2="http://www.wwidesigner.com/Instrument">
    <name>1" bore, 6-hole NAF start</name>
    <description>Base NAF file for creating a flute in the key of D#4 or thereabouts, with an 18:1 bore length to diameter ratio.</description>
    <lengthType>in</lengthType>
    <mouthpiece>
        <position>0.18000097200236187</position>
        <fipple>
            <windowLength>0.18000097200236187</windowLength>
            <windowWidth>0.5000010800008747</windowWidth>
            <fippleFactor>0.75</fippleFactor>
            <windwayHeight>0.032000172800419904</windwayHeight>
        </fipple>
    </mouthpiece>
    <borePoint>
        <borePosition>0.0</borePosition>
        <boreDiameter>1.0000021600017495</boreDiameter>
    </borePoint>
    <borePoint>
        <borePosition>17.912062650056207</borePosition>
        <boreDiameter>1.0000021600017495</boreDiameter>
    </borePoint>
    <hole>
        <name>Hole 6</name>
        <borePosition>5.860386439507118</borePosition>
        <diameter>0.34238471962838346</diameter>
        <height>0.18800101520246681</height>
    </hole>
    <hole>
        <name>Hole 5</name>
        <borePosition>6.766707116578057</borePosition>
        <diameter>0.36040329572647367</diameter>
        <height>0.18800101520246681</height>
    </hole>
    <hole>
        <name>Hole 4</name>
        <borePosition>7.673027793648997</borePosition>
        <diameter>0.3192426802788754</diameter>
        <height>0.18800101520246681</height>
    </hole>
    <hole>
        <name>Hole 3</name>
        <borePosition>9.347624568646662</borePosition>
        <diameter>0.36350160055770486</diameter>
        <height>0.18800101520246681</height>
    </hole>
    <hole>
        <name>Hole 2</name>
        <borePosition>10.49738990233839</borePosition>
        <diameter>0.3022581758275694</diameter>
        <height>0.18800101520246681</height>
    </hole>
    <hole>
        <name>Hole 1</name>
        <borePosition>11.647155236030121</borePosition>
        <diameter>0.2890888282478021</diameter>
        <height>0.18800101520246681</height>
    </hole>
    <termination>
        <flangeDiameter>1.3750029700024056</flangeDiameter>
    </termination>
</ns2:instrument>
