<?xml version="1.0" encoding="UTF-8" standalone="yes"?>
<ns2:scaleSymbolList xmlns:ns2="http://www.wwidesigner.com/Tuning">
    <name>MIDI Symbols</name>
    <comment>The MIDI symbols in 11 octaves.</comment>
    <scaleSymbol>0</scaleSymbol>
    <scaleSymbol>1</scaleSymbol>
    <scaleSymbol>2</scaleSymbol>
    <scaleSymbol>3</scaleSymbol>
    <scaleSymbol>4</scaleSymbol>
    <scaleSymbol>5</scaleSymbol>
    <scaleSymbol>6</scaleSymbol>
    <scaleSymbol>7</scaleSymbol>
    <scaleSymbol>8</scaleSymbol>
    <scaleSymbol>9</scaleSymbol>
    <scaleSymbol>10</scaleSymbol>
    <scaleSymbol>11</scaleSymbol>
    <scaleSymbol>12</scaleSymbol>
    <scaleSymbol>13</scaleSymbol>
    <scaleSymbol>14</scaleSymbol>
    <scaleSymbol>15</scaleSymbol>
    <scaleSymbol>16</scaleSymbol>
    <scaleSymbol>17</scaleSymbol>
    <scaleSymbol>18</scaleSymbol>
    <scaleSymbol>19</scaleSymbol>
    <scaleSymbol>20</scaleSymbol>
    <scaleSymbol>21</scaleSymbol>
    <scaleSymbol>22</scaleSymbol>
    <scaleSymbol>23</scaleSymbol>
    <scaleSymbol>24</scaleSymbol>
    <scaleSymbol>25</scaleSymbol>
    <scaleSymbol>26</scaleSymbol>
    <scaleSymbol>27</scaleSymbol>
    <scaleSymbol>28</scaleSymbol>
    <scaleSymbol>29</scaleSymbol>
    <scaleSymbol>30</scaleSymbol>
    <scaleSymbol>31</scaleSymbol>
    <scaleSymbol>32</scaleSymbol>
    <scaleSymbol>33</scaleSymbol>
    <scaleSymbol>34</scaleSymbol>
    <scaleSymbol>35</scaleSymbol>
    <scaleSymbol>36</scaleSymbol>
    <scaleSymbol>37</scaleSymbol>
    <scaleSymbol>38</scaleSymbol>
    <scaleSymbol>39</scaleSymbol>
    <scaleSymbol>40</scaleSymbol>
    <scaleSymbol>41</scaleSymbol>
    <scaleSymbol>42</scaleSymbol>
    <scaleSymbol>43</scaleSymbol>
    <scaleSymbol>44</scaleSymbol>
    <scaleSymbol>45</scaleSymbol>
    <scaleSymbol>46</scaleSymbol>
    <scaleSymbol>47</scaleSymbol>
    <scaleSymbol>48</scaleSymbol>
    <scaleSymbol>49</scaleSymbol>
    <scaleSymbol>50</scaleSymbol>
    <scaleSymbol>51</scaleSymbol>
    <scaleSymbol>52</scaleSymbol>
    <scaleSymbol>53</scaleSymbol>
    <scaleSymbol>54</scaleSymbol>
    <scaleSymbol>55</scaleSymbol>
    <scaleSymbol>56</scaleSymbol>
    <scaleSymbol>57</scaleSymbol>
    <scaleSymbol>58</scaleSymbol>
    <scaleSymbol>59</scaleSymbol>
    <scaleSymbol>60</scaleSymbol>
    <scaleSymbol>61</scaleSymbol>
    <scaleSymbol>62</scaleSymbol>
    <scaleSymbol>63</scaleSymbol>
    <scaleSymbol>64</scaleSymbol>
    <scaleSymbol>65</scaleSymbol>
    <scaleSymbol>66</scaleSymbol>
    <scaleSymbol>67</scaleSymbol>
    <scaleSymbol>68</scaleSymbol>
    <scaleSymbol>69</scaleSymbol>
    <scaleSymbol>70</scaleSymbol>
    <scaleSymbol>71</scaleSymbol>
    <scaleSymbol>72</scaleSymbol>
    <scaleSymbol>73</scaleSymbol>
    <scaleSymbol>74</scaleSymbol>
    <scaleSymbol>75</scaleSymbol>
    <scaleSymbol>76</scaleSymbol>
    <scaleSymbol>77</scaleSymbol>
    <scaleSymbol>78</scaleSymbol>
    <scaleSymbol>79</scaleSymbol>
    <scaleSymbol>80</scaleSymbol>
    <scaleSymbol>81</scaleSymbol>
    <scaleSymbol>82</scaleSymbol>
    <scaleSymbol>83</scaleSymbol>
    <scaleSymbol>84</scaleSymbol>
    <scaleSymbol>85</scaleSymbol>
    <scaleSymbol>86</scaleSymbol>
    <scaleSymbol>87</scaleSymbol>
    <scaleSymbol>88</scaleSymbol>
    <scaleSymbol>89</scaleSymbol>
    <scaleSymbol>90</scaleSymbol>
    <scaleSymbol>91</scaleSymbol>
    <scaleSymbol>92</scaleSymbol>
    <scaleSymbol>93</scaleSymbol>
    <scaleSymbol>94</scaleSymbol>
    <scaleSymbol>95</scaleSymbol>
    <scaleSymbol>96</scaleSymbol>
    <scaleSymbol>97</scaleSymbol>
    <scaleSymbol>98</scaleSymbol>
    <scaleSymbol>99</scaleSymbol>
    <scaleSymbol>100</scaleSymbol>
    <scaleSymbol>101</scaleSymbol>
    <scaleSymbol>102</scaleSymbol>
    <scaleSymbol>103</scaleSymbol>
    <scaleSymbol>104</scaleSymbol>
    <scaleSymbol>105</scaleSymbol>
    <scaleSymbol>106</scaleSymbol>
    <scaleSymbol>107</scaleSymbol>
    <scaleSymbol>108</scaleSymbol>
    <scaleSymbol>109</scaleSymbol>
    <scaleSymbol>110</scaleSymbol>
    <scaleSymbol>111</scaleSymbol>
    <scaleSymbol>112</scaleSymbol>
    <scaleSymbol>113</scaleSymbol>
    <scaleSymbol>114</scaleSymbol>
    <scaleSymbol>115</scaleSymbol>
    <scaleSymbol>116</scaleSymbol>
    <scaleSymbol>117</scaleSymbol>
    <scaleSymbol>118</scaleSymbol>
    <scaleSymbol>119</scaleSymbol>
    <scaleSymbol>120</scaleSymbol>
    <scaleSymbol>121</scaleSymbol>
    <scaleSymbol>122</scaleSymbol>
    <scaleSymbol>123</scaleSymbol>
    <scaleSymbol>124</scaleSymbol>
    <scaleSymbol>125</scaleSymbol>
    <scaleSymbol>126</scaleSymbol>
    <scaleSymbol>127</scaleSymbol>
</ns2:scaleSymbolList>
