<?xml version="1.0" encoding="UTF-8" standalone="yes"?>
<ns2:instrument xmlns:ns2="http://www.wwidesigner.com/Instrument">
    <name>1" bore, 6-hole NAF start</name>
    <description>Base NAF file for creating a flute in the key of D#4 or thereabouts, with an 18:1 bore length to diameter ratio.</description>
    <lengthType>in</lengthType>
    <mouthpiece>
        <position>0.18000097200236187</position>
        <fipple>
            <windowLength>0.18000097200236187</windowLength>
            <windowWidth>0.5000010800008747</windowWidth>
            <fippleFactor>0.75</fippleFactor>
            <windwayHeight>0.032000172800419904</windwayHeight>
        </fipple>
    </mouthpiece>
    <borePoint>
        <borePosition>0.0</borePosition>
        <boreDiameter>1.0000021600017495</boreDiameter>
    </borePoint>
    <borePoint>
        <borePosition>17.913234890544288</borePosition>
        <boreDiameter>1.0000021600017495</boreDiameter>
    </borePoint>
    <hole>
        <name>Hole 6</name>
        <borePosition>5.913223551504949</borePosition>
        <diameter>0.34358350141330624</diameter>
        <height>0.18800101520246684</height>
    </hole>
    <hole>
        <name>Hole 5</name>
        <borePosition>6.810064790903051</borePosition>
        <diameter>0.36006313203933116</diameter>
        <height>0.18800101520246684</height>
    </hole>
    <hole>
        <name>Hole 4</name>
        <borePosition>7.706906030301154</borePosition>
        <diameter>0.31659958881863925</diameter>
        <height>0.18800101520246684</height>
    </hole>
    <hole>
        <name>Hole 3</name>
        <borePosition>9.378694279318882</borePosition>
        <diameter>0.36360180789039764</diameter>
        <height>0.18800101520246684</height>
    </hole>
    <hole>
        <name>Hole 2</name>
        <borePosition>10.535848700197507</borePosition>
        <diameter>0.3011847879967816</diameter>
        <height>0.18800101520246684</height>
    </hole>
    <hole>
        <name>Hole 1</name>
        <borePosition>11.69300312107613</borePosition>
        <diameter>0.2873256479281384</diameter>
        <height>0.18800101520246684</height>
    </hole>
    <termination>
        <flangeDiameter>1.3750029700024056</flangeDiameter>
    </termination>
</ns2:instrument>
