<?xml version="1.0" encoding="UTF-8" standalone="yes"?>
<ns2:tuning xmlns:ns2="http://www.wwidesigner.com/Tuning">
    <name>D#5 ET 6-hole NAF chromatic tuning</name>
    <comment>Fingering pattern is for Wood Wind (Edward Kort) flutes, with two fingerings for E6</comment>
    <numberOfHoles>6</numberOfHoles>
    <fingering>
        <note>
            <name>D#5</name>
            <frequency>622.2539674441617</frequency>
        </note>
        <openHole>false</openHole>
        <openHole>false</openHole>
        <openHole>false</openHole>
        <openHole>false</openHole>
        <openHole>false</openHole>
        <openHole>false</openHole>
        <optimizationWeight>1</optimizationWeight>
    </fingering>
    <fingering>
        <note>
            <name>F#5</name>
            <frequency>739.9888454232687</frequency>
        </note>
        <openHole>false</openHole>
        <openHole>false</openHole>
        <openHole>false</openHole>
        <openHole>false</openHole>
        <openHole>false</openHole>
        <openHole>true</openHole>
        <optimizationWeight>1</optimizationWeight>
    </fingering>
    <fingering>
        <note>
            <name>G5</name>
            <frequency>783.9908719634985</frequency>
        </note>
        <openHole>false</openHole>
        <openHole>false</openHole>
        <openHole>false</openHole>
        <openHole>false</openHole>
        <openHole>true</openHole>
        <openHole>false</openHole>
        <optimizationWeight>1</optimizationWeight>
    </fingering>
    <fingering>
        <note>
            <name>G#5</name>
            <frequency>830.6093951598901</frequency>
        </note>
        <openHole>false</openHole>
        <openHole>false</openHole>
        <openHole>false</openHole>
        <openHole>false</openHole>
        <openHole>true</openHole>
        <openHole>true</openHole>
        <optimizationWeight>1</optimizationWeight>
    </fingering>
    <fingering>
        <note>
            <name>A5</name>
            <frequency>879.9999999999999</frequency>
        </note>
        <openHole>false</openHole>
        <openHole>false</openHole>
        <openHole>false</openHole>
        <openHole>true</openHole>
        <openHole>false</openHole>
        <openHole>true</openHole>
        <optimizationWeight>1</optimizationWeight>
    </fingering>
    <fingering>
        <note>
            <name>A#5</name>
            <frequency>932.3275230361797</frequency>
        </note>
        <openHole>false</openHole>
        <openHole>false</openHole>
        <openHole>false</openHole>
        <openHole>true</openHole>
        <openHole>true</openHole>
        <openHole>true</openHole>
        <optimizationWeight>1</optimizationWeight>
    </fingering>
    <fingering>
        <note>
            <name>B5</name>
            <frequency>987.766602512248</frequency>
        </note>
        <openHole>false</openHole>
        <openHole>false</openHole>
        <openHole>true</openHole>
        <openHole>false</openHole>
        <openHole>true</openHole>
        <openHole>true</openHole>
        <optimizationWeight>1</optimizationWeight>
    </fingering>
    <fingering>
        <note>
            <name>C6</name>
            <frequency>1046.5022612023943</frequency>
        </note>
        <openHole>false</openHole>
        <openHole>false</openHole>
        <openHole>true</openHole>
        <openHole>true</openHole>
        <openHole>true</openHole>
        <openHole>true</openHole>
        <optimizationWeight>1</optimizationWeight>
    </fingering>
    <fingering>
        <note>
            <name>C#6</name>
            <frequency>1108.730523907488</frequency>
        </note>
        <openHole>false</openHole>
        <openHole>true</openHole>
        <openHole>false</openHole>
        <openHole>true</openHole>
        <openHole>true</openHole>
        <openHole>true</openHole>
        <optimizationWeight>1</optimizationWeight>
    </fingering>
    <fingering>
        <note>
            <name>D6</name>
            <frequency>1174.65907166963</frequency>
        </note>
        <openHole>false</openHole>
        <openHole>true</openHole>
        <openHole>true</openHole>
        <openHole>true</openHole>
        <openHole>true</openHole>
        <openHole>true</openHole>
        <optimizationWeight>1</optimizationWeight>
    </fingering>
    <fingering>
        <note>
            <name>D#6</name>
            <frequency>1244.5079348883235</frequency>
        </note>
        <openHole>true</openHole>
        <openHole>true</openHole>
        <openHole>false</openHole>
        <openHole>true</openHole>
        <openHole>true</openHole>
        <openHole>true</openHole>
        <optimizationWeight>1</optimizationWeight>
    </fingering>
    <fingering>
        <note>
            <name>E6 open</name>
            <frequency>1318.5102276514797</frequency>
        </note>
        <openHole>true</openHole>
        <openHole>true</openHole>
        <openHole>true</openHole>
        <openHole>true</openHole>
        <openHole>true</openHole>
        <openHole>true</openHole>
        <optimizationWeight>1</optimizationWeight>
    </fingering>
    <fingering>
        <note>
            <name>E6 closed</name>
            <frequency>1318.5102276514797</frequency>
        </note>
        <openHole>true</openHole>
        <openHole>true</openHole>
        <openHole>false</openHole>
        <openHole>false</openHole>
        <openHole>false</openHole>
        <openHole>false</openHole>
        <optimizationWeight>1</optimizationWeight>
    </fingering>
    <fingering>
        <note>
            <name>F6</name>
            <frequency>1396.9129257320153</frequency>
        </note>
        <openHole>true</openHole>
        <openHole>true</openHole>
        <openHole>false</openHole>
        <openHole>false</openHole>
        <openHole>false</openHole>
        <openHole>true</openHole>
        <optimizationWeight>1</optimizationWeight>
    </fingering>
    <fingering>
        <note>
            <name>F#6</name>
            <frequency>1479.9776908465374</frequency>
        </note>
        <openHole>true</openHole>
        <openHole>true</openHole>
        <openHole>true</openHole>
        <openHole>true</openHole>
        <openHole>true</openHole>
        <openHole>true</openHole>
        <optimizationWeight>1</optimizationWeight>
    </fingering>
</ns2:tuning>
