<?xml version="1.0" encoding="UTF-8" standalone="yes"?>
<ns2:instrument xmlns:ns2="http://www.wwidesigner.com/Instrument">
    <name>D2 didgeridoo with D3 trumpet</name>
    <description>3-stage stepped bore didgeridoo, first overtone tuned to octave above fundamental</description>
    <lengthType>in</lengthType>
    <mouthpiece>
        <position>0.0</position>
        <lipReed>
            <alpha>1.003</alpha>
        </lipReed>
        <beta>0.14</beta>
    </mouthpiece>
    <borePoint>
        <borePosition>0.0</borePosition>
        <boreDiameter>1.312</boreDiameter>
    </borePoint>
    <borePoint>
        <borePosition>1.0</borePosition>
        <boreDiameter>1.312</boreDiameter>
    </borePoint>
    <borePoint>
        <borePosition>22.688939074868852</borePosition>
        <boreDiameter>1.312</boreDiameter>
    </borePoint>
    <borePoint>
        <borePosition>23.075071655455133</borePosition>
        <boreDiameter>2.0</boreDiameter>
    </borePoint>
    <borePoint>
        <borePosition>46.120561626283774</borePosition>
        <boreDiameter>2.0</boreDiameter>
    </borePoint>
    <borePoint>
        <borePosition>46.21732439543631</borePosition>
        <boreDiameter>2.9999999999999996</boreDiameter>
    </borePoint>
    <borePoint>
        <borePosition>68.2811106483244</borePosition>
        <boreDiameter>2.9999999999999996</boreDiameter>
    </borePoint>
    <termination>
        <flangeDiameter>3.2</flangeDiameter>
    </termination>
</ns2:instrument>
