<?xml version="1.0" encoding="UTF-8" standalone="yes"?>
<ns2:constraints xmlns:ns2="http://www.wwidesigner.com/Constraints">
    <constraintsName>Didgeridoo, 2-stage step bore</constraintsName>
    <objectiveDisplayName>Bore Position optimizer</objectiveDisplayName>
    <objectiveFunctionName>BorePositionObjectiveFunction</objectiveFunctionName>
    <numberOfHoles>0</numberOfHoles>
    <constraint>
        <displayName>Position of bore point 5 (bottom)</displayName>
        <category>Bore point positions</category>
        <type>DIMENSIONAL</type>
        <lowerBound>0.508</lowerBound>
        <upperBound>2.54</upperBound>
    </constraint>
    <constraint>
        <displayName>Relative position of bore point 3 between points 2 and 5</displayName>
        <category>Bore point positions</category>
        <type>DIMENSIONLESS</type>
        <lowerBound>0.01</lowerBound>
        <upperBound>0.99</upperBound>
    </constraint>
    <constraint>
        <displayName>Relative position of bore point 4 between points 3 and 5</displayName>
        <category>Bore point positions</category>
        <type>DIMENSIONLESS</type>
        <lowerBound>0.0</lowerBound>
        <upperBound>0.001</upperBound>
    </constraint>
</ns2:constraints>
