<?xml version="1.0" encoding="UTF-8" standalone="yes"?>
<ns2:instrument xmlns:ns2="http://www.wwidesigner.com/Instrument">
    <name>Eric Reiswig smallpipe chanter</name>
    <description>CPVC and brass smallpipe chanter in A as described by Eric Reiswig, at http://www3.telus.net/ereiswig/ssp_make.htm,
without the two always-open bottom holes.</description>
    <lengthType>mm</lengthType>
    <mouthpiece>
        <position>-40.0</position>
        <doubleReed>
            <alpha>1.8</alpha>
            <crowFreq>466.0</crowFreq>
        </doubleReed>
        <beta>0.09</beta>
    </mouthpiece>
    <borePoint>
        <borePosition>-40.0</borePosition>
        <boreDiameter>3.5</boreDiameter>
    </borePoint>
    <borePoint>
        <borePosition>-32.0</borePosition>
        <boreDiameter>4.0</boreDiameter>
    </borePoint>
    <borePoint>
        <borePosition>8.0</borePosition>
        <boreDiameter>4.0</boreDiameter>
    </borePoint>
    <borePoint>
        <borePosition>9.0</borePosition>
        <boreDiameter>4.8</boreDiameter>
    </borePoint>
    <borePoint>
        <borePosition>322.3</borePosition>
        <boreDiameter>4.8</boreDiameter>
    </borePoint>
    <hole>
        <name>Thumb</name>
        <borePosition>91.9</borePosition>
        <diameter>4.0</diameter>
        <height>5.5</height>
    </hole>
    <hole>
        <name>T1</name>
        <borePosition>116.9</borePosition>
        <diameter>4.0</diameter>
        <height>5.5</height>
    </hole>
    <hole>
        <name>T2</name>
        <borePosition>130.8</borePosition>
        <diameter>4.0</diameter>
        <height>5.5</height>
    </hole>
    <hole>
        <name>T3</name>
        <borePosition>153.8</borePosition>
        <diameter>4.0</diameter>
        <height>5.5</height>
    </hole>
    <hole>
        <name>B1</name>
        <borePosition>183.6</borePosition>
        <diameter>3.2</diameter>
        <height>5.5</height>
    </hole>
    <hole>
        <name>B2</name>
        <borePosition>206.0</borePosition>
        <diameter>4.8</diameter>
        <height>5.5</height>
    </hole>
    <hole>
        <name>B3</name>
        <borePosition>238.0</borePosition>
        <diameter>4.0</diameter>
        <height>5.5</height>
    </hole>
    <hole>
        <name>B4</name>
        <borePosition>269.2</borePosition>
        <diameter>3.2</diameter>
        <height>5.5</height>
    </hole>
    <termination>
        <flangeDiameter>15.9</flangeDiameter>
    </termination>
</ns2:instrument>
