<?xml version="1.0" encoding="UTF-8" standalone="yes"?>
<ns2:scale xmlns:ns2="http://www.wwidesigner.com/Tuning">
    <name>C4 chromatic scale</name>
    <comment>C4 to D#5 chromatic scale, A440.</comment>
    <note>
        <name>C4</name>
        <frequency>261.6255653005986</frequency>
    </note>
    <note>
        <name>C#4</name>
        <frequency>277.1826309768721</frequency>
    </note>
    <note>
        <name>D4</name>
        <frequency>293.6647679174076</frequency>
    </note>
    <note>
        <name>D#4</name>
        <frequency>311.12698372208087</frequency>
    </note>
    <note>
        <name>E4</name>
        <frequency>329.6275569128699</frequency>
    </note>
    <note>
        <name>F4</name>
        <frequency>349.2282314330039</frequency>
    </note>
    <note>
        <name>F#4</name>
        <frequency>369.9944227116344</frequency>
    </note>
    <note>
        <name>G4</name>
        <frequency>391.99543598174927</frequency>
    </note>
    <note>
        <name>G#4</name>
        <frequency>415.30469757994507</frequency>
    </note>
    <note>
        <name>A4</name>
        <frequency>440.0</frequency>
    </note>
    <note>
        <name>A#4</name>
        <frequency>466.1637615180899</frequency>
    </note>
    <note>
        <name>B4</name>
        <frequency>493.8833012561241</frequency>
    </note>
    <note>
        <name>C5</name>
        <frequency>523.2511306011972</frequency>
    </note>
    <note>
        <name>C#5</name>
        <frequency>554.3652619537442</frequency>
    </note>
    <note>
        <name>D5</name>
        <frequency>587.3295358348151</frequency>
    </note>
    <note>
        <name>D#5</name>
        <frequency>622.2539674441617</frequency>
    </note>
</ns2:scale>
