<?xml version="1.0" encoding="UTF-8" standalone="yes"?>
<ns2:instrument xmlns:ns2="http://www.wwidesigner.com/Instrument">
    <name>7/8" bore, 6-hole NAF start</name>
    <description>Base NAF file for creating a flute in the key of F#4 or thereabouts, with an 18:1 bore length to diameter ratio.</description>
    <lengthType>in</lengthType>
    <mouthpiece>
        <position>0.18000068040110218</position>
        <fipple>
            <windowLength>0.18000068040110218</windowLength>
            <windowWidth>0.4375004725001275</windowWidth>
            <fippleFactor>0.75</fippleFactor>
            <windwayHeight>0.03200012096019596</windwayHeight>
        </fipple>
    </mouthpiece>
    <borePoint>
        <borePosition>0.0</borePosition>
        <boreDiameter>0.875000945000255</boreDiameter>
    </borePoint>
    <borePoint>
        <borePosition>15.111871136952951</borePosition>
        <boreDiameter>0.8750009450002564</boreDiameter>
    </borePoint>
    <hole>
        <name>Hole 6</name>
        <borePosition>3.96291785502671</borePosition>
        <diameter>0.23690982998905435</diameter>
        <height>0.18800071064115115</height>
    </hole>
    <hole>
        <name>Hole 5</name>
        <borePosition>5.061562777761073</borePosition>
        <diameter>0.27533340468162104</diameter>
        <height>0.18800071064115115</height>
    </hole>
    <hole>
        <name>Hole 4</name>
        <borePosition>6.1602077004954365</borePosition>
        <diameter>0.26895962553813607</diameter>
        <height>0.18800071064115115</height>
    </hole>
    <hole>
        <name>Hole 3</name>
        <borePosition>7.889855288383292</borePosition>
        <diameter>0.3319083071217497</diameter>
        <height>0.18800071064115115</height>
    </hole>
    <hole>
        <name>Hole 2</name>
        <borePosition>9.119314670686972</borePosition>
        <diameter>0.30745041851909677</diameter>
        <height>0.18800071064115115</height>
    </hole>
    <hole>
        <name>Hole 1</name>
        <borePosition>10.34877405299065</borePosition>
        <diameter>0.3099382958305106</diameter>
        <height>0.18800071064115115</height>
    </hole>
    <termination>
        <flangeDiameter>1.2500013500003646</flangeDiameter>
    </termination>
</ns2:instrument>
