<?xml version="1.0" encoding="UTF-8" standalone="yes"?>
<ns2:scaleSymbolList xmlns:ns2="http://www.wwidesigner.com/Tuning">
    <name>Traditional Symbols</name>
    <comment>The traditional (Helmholtz) symbols in 11 octaves.</comment>
    <scaleSymbol>C,,,</scaleSymbol>
    <scaleSymbol>C#,,,</scaleSymbol>
    <scaleSymbol>Db,,,</scaleSymbol>
    <scaleSymbol>D,,,</scaleSymbol>
    <scaleSymbol>D#,,,</scaleSymbol>
    <scaleSymbol>Eb,,,</scaleSymbol>
    <scaleSymbol>E,,,</scaleSymbol>
    <scaleSymbol>F,,,</scaleSymbol>
    <scaleSymbol>F#,,,</scaleSymbol>
    <scaleSymbol>Gb,,,</scaleSymbol>
    <scaleSymbol>G,,,</scaleSymbol>
    <scaleSymbol>G#,,,</scaleSymbol>
    <scaleSymbol>Ab,,,</scaleSymbol>
    <scaleSymbol>A,,,</scaleSymbol>
    <scaleSymbol>A#,,,</scaleSymbol>
    <scaleSymbol>Bb,,,</scaleSymbol>
    <scaleSymbol>B,,,</scaleSymbol>
    <scaleSymbol>C,,</scaleSymbol>
    <scaleSymbol>C#,,</scaleSymbol>
    <scaleSymbol>Db,,</scaleSymbol>
    <scaleSymbol>D,,</scaleSymbol>
    <scaleSymbol>D#,,</scaleSymbol>
    <scaleSymbol>Eb,,</scaleSymbol>
    <scaleSymbol>E,,</scaleSymbol>
    <scaleSymbol>F,,</scaleSymbol>
    <scaleSymbol>F#,,</scaleSymbol>
    <scaleSymbol>Gb,,</scaleSymbol>
    <scaleSymbol>G,,</scaleSymbol>
    <scaleSymbol>G#,,</scaleSymbol>
    <scaleSymbol>Ab,,</scaleSymbol>
    <scaleSymbol>A,,</scaleSymbol>
    <scaleSymbol>A#,,</scaleSymbol>
    <scaleSymbol>Bb,,</scaleSymbol>
    <scaleSymbol>B,,</scaleSymbol>
    <scaleSymbol>C,</scaleSymbol>
    <scaleSymbol>C#,</scaleSymbol>
    <scaleSymbol>Db,</scaleSymbol>
    <scaleSymbol>D,</scaleSymbol>
    <scaleSymbol>D#,</scaleSymbol>
    <scaleSymbol>Eb,</scaleSymbol>
    <scaleSymbol>E,</scaleSymbol>
    <scaleSymbol>F,</scaleSymbol>
    <scaleSymbol>F#,</scaleSymbol>
    <scaleSymbol>Gb,</scaleSymbol>
    <scaleSymbol>G,</scaleSymbol>
    <scaleSymbol>G#,</scaleSymbol>
    <scaleSymbol>Ab,</scaleSymbol>
    <scaleSymbol>A,</scaleSymbol>
    <scaleSymbol>A#,</scaleSymbol>
    <scaleSymbol>Bb,</scaleSymbol>
    <scaleSymbol>B,</scaleSymbol>
    <scaleSymbol>C</scaleSymbol>
    <scaleSymbol>C#</scaleSymbol>
    <scaleSymbol>Db</scaleSymbol>
    <scaleSymbol>D</scaleSymbol>
    <scaleSymbol>D#</scaleSymbol>
    <scaleSymbol>Eb</scaleSymbol>
    <scaleSymbol>E</scaleSymbol>
    <scaleSymbol>F</scaleSymbol>
    <scaleSymbol>F#</scaleSymbol>
    <scaleSymbol>Gb</scaleSymbol>
    <scaleSymbol>G</scaleSymbol>
    <scaleSymbol>G#</scaleSymbol>
    <scaleSymbol>Ab</scaleSymbol>
    <scaleSymbol>A</scaleSymbol>
    <scaleSymbol>A#</scaleSymbol>
    <scaleSymbol>Bb</scaleSymbol>
    <scaleSymbol>B</scaleSymbol>
    <scaleSymbol>c</scaleSymbol>
    <scaleSymbol>c#</scaleSymbol>
    <scaleSymbol>db</scaleSymbol>
    <scaleSymbol>d</scaleSymbol>
    <scaleSymbol>d#</scaleSymbol>
    <scaleSymbol>eb</scaleSymbol>
    <scaleSymbol>e</scaleSymbol>
    <scaleSymbol>f</scaleSymbol>
    <scaleSymbol>f#</scaleSymbol>
    <scaleSymbol>gb</scaleSymbol>
    <scaleSymbol>g</scaleSymbol>
    <scaleSymbol>g#</scaleSymbol>
    <scaleSymbol>ab</scaleSymbol>
    <scaleSymbol>a</scaleSymbol>
    <scaleSymbol>a#</scaleSymbol>
    <scaleSymbol>bb</scaleSymbol>
    <scaleSymbol>b</scaleSymbol>
    <scaleSymbol>c'</scaleSymbol>
    <scaleSymbol>c#'</scaleSymbol>
    <scaleSymbol>db'</scaleSymbol>
    <scaleSymbol>d'</scaleSymbol>
    <scaleSymbol>d#'</scaleSymbol>
    <scaleSymbol>eb'</scaleSymbol>
    <scaleSymbol>e'</scaleSymbol>
    <scaleSymbol>f'</scaleSymbol>
    <scaleSymbol>f#'</scaleSymbol>
    <scaleSymbol>gb'</scaleSymbol>
    <scaleSymbol>g'</scaleSymbol>
    <scaleSymbol>g#'</scaleSymbol>
    <scaleSymbol>ab'</scaleSymbol>
    <scaleSymbol>a'</scaleSymbol>
    <scaleSymbol>a#'</scaleSymbol>
    <scaleSymbol>bb'</scaleSymbol>
    <scaleSymbol>b'</scaleSymbol>
    <scaleSymbol>c''</scaleSymbol>
    <scaleSymbol>c#''</scaleSymbol>
    <scaleSymbol>db''</scaleSymbol>
    <scaleSymbol>d''</scaleSymbol>
    <scaleSymbol>d#''</scaleSymbol>
    <scaleSymbol>eb''</scaleSymbol>
    <scaleSymbol>e''</scaleSymbol>
    <scaleSymbol>f''</scaleSymbol>
    <scaleSymbol>f#''</scaleSymbol>
    <scaleSymbol>gb''</scaleSymbol>
    <scaleSymbol>g''</scaleSymbol>
    <scaleSymbol>g#''</scaleSymbol>
    <scaleSymbol>ab''</scaleSymbol>
    <scaleSymbol>a''</scaleSymbol>
    <scaleSymbol>a#''</scaleSymbol>
    <scaleSymbol>bb''</scaleSymbol>
    <scaleSymbol>b''</scaleSymbol>
    <scaleSymbol>c'''</scaleSymbol>
    <scaleSymbol>c#'''</scaleSymbol>
    <scaleSymbol>db'''</scaleSymbol>
    <scaleSymbol>d'''</scaleSymbol>
    <scaleSymbol>d#'''</scaleSymbol>
    <scaleSymbol>eb'''</scaleSymbol>
    <scaleSymbol>e'''</scaleSymbol>
    <scaleSymbol>f'''</scaleSymbol>
    <scaleSymbol>f#'''</scaleSymbol>
    <scaleSymbol>gb'''</scaleSymbol>
    <scaleSymbol>g'''</scaleSymbol>
    <scaleSymbol>g#'''</scaleSymbol>
    <scaleSymbol>ab'''</scaleSymbol>
    <scaleSymbol>a'''</scaleSymbol>
    <scaleSymbol>a#'''</scaleSymbol>
    <scaleSymbol>bb'''</scaleSymbol>
    <scaleSymbol>b'''</scaleSymbol>
    <scaleSymbol>c''''</scaleSymbol>
    <scaleSymbol>c#''''</scaleSymbol>
    <scaleSymbol>db''''</scaleSymbol>
    <scaleSymbol>d''''</scaleSymbol>
    <scaleSymbol>d#''''</scaleSymbol>
    <scaleSymbol>eb''''</scaleSymbol>
    <scaleSymbol>e''''</scaleSymbol>
    <scaleSymbol>f''''</scaleSymbol>
    <scaleSymbol>f#''''</scaleSymbol>
    <scaleSymbol>gb''''</scaleSymbol>
    <scaleSymbol>g''''</scaleSymbol>
    <scaleSymbol>g#''''</scaleSymbol>
    <scaleSymbol>ab''''</scaleSymbol>
    <scaleSymbol>a''''</scaleSymbol>
    <scaleSymbol>a#''''</scaleSymbol>
    <scaleSymbol>bb''''</scaleSymbol>
    <scaleSymbol>b''''</scaleSymbol>
    <scaleSymbol>c'''''</scaleSymbol>
    <scaleSymbol>c#'''''</scaleSymbol>
    <scaleSymbol>db'''''</scaleSymbol>
    <scaleSymbol>d'''''</scaleSymbol>
    <scaleSymbol>d#'''''</scaleSymbol>
    <scaleSymbol>eb'''''</scaleSymbol>
    <scaleSymbol>e'''''</scaleSymbol>
    <scaleSymbol>f'''''</scaleSymbol>
    <scaleSymbol>f#'''''</scaleSymbol>
    <scaleSymbol>gb'''''</scaleSymbol>
    <scaleSymbol>g'''''</scaleSymbol>
    <scaleSymbol>g#'''''</scaleSymbol>
    <scaleSymbol>ab'''''</scaleSymbol>
    <scaleSymbol>a'''''</scaleSymbol>
    <scaleSymbol>a#'''''</scaleSymbol>
    <scaleSymbol>bb'''''</scaleSymbol>
    <scaleSymbol>b'''''</scaleSymbol>
    <scaleSymbol>c''''''</scaleSymbol>
    <scaleSymbol>c#''''''</scaleSymbol>
    <scaleSymbol>db''''''</scaleSymbol>
    <scaleSymbol>d''''''</scaleSymbol>
    <scaleSymbol>d#''''''</scaleSymbol>
    <scaleSymbol>eb''''''</scaleSymbol>
    <scaleSymbol>e''''''</scaleSymbol>
    <scaleSymbol>f''''''</scaleSymbol>
    <scaleSymbol>f#''''''</scaleSymbol>
    <scaleSymbol>gb''''''</scaleSymbol>
    <scaleSymbol>g''''''</scaleSymbol>
    <scaleSymbol>g#''''''</scaleSymbol>
    <scaleSymbol>ab''''''</scaleSymbol>
    <scaleSymbol>a''''''</scaleSymbol>
    <scaleSymbol>a#''''''</scaleSymbol>
    <scaleSymbol>bb''''''</scaleSymbol>
    <scaleSymbol>b''''''</scaleSymbol>
</ns2:scaleSymbolList>
