<?xml version="1.0" encoding="UTF-8" standalone="yes"?>
<ns2:constraints xmlns:ns2="http://www.wwidesigner.com/Constraints">
    <constraintsName>Large Hole Size+Spacing</constraintsName>
    <objectiveDisplayName>Hole position and size optimizer</objectiveDisplayName>
    <objectiveFunctionName>HoleObjectiveFunction</objectiveFunctionName>
    <numberOfHoles>6</numberOfHoles>
    <constraint>
        <displayName>Bore length</displayName>
        <category>Hole position</category>
        <type>DIMENSIONAL</type>
        <lowerBound>0.2</lowerBound>
        <upperBound>0.7</upperBound>
    </constraint>
    <constraint>
        <displayName>Hole 6 (top) to Hole 5 distance</displayName>
        <category>Hole position</category>
        <type>DIMENSIONAL</type>
        <lowerBound>0.015</lowerBound>
        <upperBound>0.04</upperBound>
    </constraint>
    <constraint>
        <displayName>Hole 5 to Hole 4 distance</displayName>
        <category>Hole position</category>
        <type>DIMENSIONAL</type>
        <lowerBound>0.015</lowerBound>
        <upperBound>0.04</upperBound>
    </constraint>
    <constraint>
        <displayName>Hole 4 to Hole 3 distance</displayName>
        <category>Hole position</category>
        <type>DIMENSIONAL</type>
        <lowerBound>0.015</lowerBound>
        <upperBound>0.1</upperBound>
    </constraint>
    <constraint>
        <displayName>Hole 3 to Hole 2 distance</displayName>
        <category>Hole position</category>
        <type>DIMENSIONAL</type>
        <lowerBound>0.015</lowerBound>
        <upperBound>0.04</upperBound>
    </constraint>
    <constraint>
        <displayName>Hole 2 to Hole 1 (bottom) distance</displayName>
        <category>Hole position</category>
        <type>DIMENSIONAL</type>
        <lowerBound>0.015</lowerBound>
        <upperBound>0.04</upperBound>
    </constraint>
    <constraint>
        <displayName>Hole 1 (bottom) to bore end distance</displayName>
        <category>Hole position</category>
        <type>DIMENSIONAL</type>
        <lowerBound>0.015</lowerBound>
        <upperBound>0.2</upperBound>
    </constraint>
    <constraint>
        <displayName>Hole 6 (top) diameter</displayName>
        <category>Hole size</category>
        <type>DIMENSIONAL</type>
        <lowerBound>0.004</lowerBound>
        <upperBound>0.01</upperBound>
    </constraint>
    <constraint>
        <displayName>Hole 5 diameter</displayName>
        <category>Hole size</category>
        <type>DIMENSIONAL</type>
        <lowerBound>0.004</lowerBound>
        <upperBound>0.01</upperBound>
    </constraint>
    <constraint>
        <displayName>Hole 4 diameter</displayName>
        <category>Hole size</category>
        <type>DIMENSIONAL</type>
        <lowerBound>0.004</lowerBound>
        <upperBound>0.01</upperBound>
    </constraint>
    <constraint>
        <displayName>Hole 3 diameter</displayName>
        <category>Hole size</category>
        <type>DIMENSIONAL</type>
        <lowerBound>0.004</lowerBound>
        <upperBound>0.01</upperBound>
    </constraint>
    <constraint>
        <displayName>Hole 2 diameter</displayName>
        <category>Hole size</category>
        <type>DIMENSIONAL</type>
        <lowerBound>0.004</lowerBound>
        <upperBound>0.011</upperBound>
    </constraint>
    <constraint>
        <displayName>Hole 1 (bottom) diameter</displayName>
        <category>Hole size</category>
        <type>DIMENSIONAL</type>
        <lowerBound>0.004</lowerBound>
        <upperBound>0.01</upperBound>
    </constraint>
</ns2:constraints>
