<?xml version="1.0" encoding="UTF-8" standalone="yes"?>
<ns2:temperament xmlns:ns2="http://www.wwidesigner.com/Tuning">
    <name>Equal Temperament</name>
    <comment>Two-octave diatonic Equal Temperament, with flattened second and flattened seventh.</comment>
    <ratio>1.0</ratio>
    <ratio>1.059463094</ratio>
    <ratio>1.122462048</ratio>
    <ratio>1.25992105</ratio>
    <ratio>1.334839854</ratio>
    <ratio>1.498307077</ratio>
    <ratio>1.6817928305</ratio>
    <ratio>1.781797436</ratio>
    <ratio>1.887748625</ratio>
    <ratio>2.0</ratio>
    <ratio>2.118926189</ratio>
    <ratio>2.244924097</ratio>
    <ratio>2.519842096</ratio>
    <ratio>2.669679708</ratio>
    <ratio>2.996614154</ratio>
    <ratio>3.363585661</ratio>
    <ratio>3.563594873</ratio>
    <ratio>3.775497251</ratio>
    <ratio>4.0</ratio>
</ns2:temperament>
