<?xml version="1.0" encoding="UTF-8" standalone="yes"?>
<ns2:instrument xmlns:ns2="http://www.wwidesigner.com/Instrument">
    <name>1/2" bore, 6-hole NAF start</name>
    <description>Base NAF file for creating a flute in the key of D#5 or thereabouts, with an 18:1 bore length to diameter ratio.</description>
    <lengthType>in</lengthType>
    <mouthpiece>
        <position>0.18000038880031488</position>
        <fipple>
            <windowLength>0.18000038880031488</windowLength>
            <windowWidth>0.25000054000043737</windowWidth>
            <fippleFactor>0.75</fippleFactor>
            <windwayHeight>0.032000069120055985</windwayHeight>
        </fipple>
    </mouthpiece>
    <borePoint>
        <borePosition>0.0</borePosition>
        <boreDiameter>0.5000010800008747</boreDiameter>
    </borePoint>
    <borePoint>
        <borePosition>9.340838375969659</borePosition>
        <boreDiameter>0.5000010800008743</boreDiameter>
    </borePoint>
    <hole>
        <name>Hole 6</name>
        <borePosition>2.6599720513904024</borePosition>
        <diameter>0.16211532062141126</diameter>
        <height>0.1880004060803289</height>
    </hole>
    <hole>
        <name>Hole 5</name>
        <borePosition>3.473272058620046</borePosition>
        <diameter>0.19874236196286182</diameter>
        <height>0.1880004060803289</height>
    </hole>
    <hole>
        <name>Hole 4</name>
        <borePosition>4.286572065849689</borePosition>
        <diameter>0.2059864545846964</diameter>
        <height>0.1880004060803289</height>
    </hole>
    <hole>
        <name>Hole 3</name>
        <borePosition>5.1872180973337265</borePosition>
        <diameter>0.25264622312166884</diameter>
        <height>0.1880004060803289</height>
    </hole>
    <hole>
        <name>Hole 2</name>
        <borePosition>6.003108462719252</borePosition>
        <diameter>0.24616399002887585</diameter>
        <height>0.1880004060803289</height>
    </hole>
    <hole>
        <name>Hole 1</name>
        <borePosition>6.818998828104778</borePosition>
        <diameter>0.250809970455073</diameter>
        <height>0.1880004060803289</height>
    </hole>
    <termination>
        <flangeDiameter>0.8750018900015307</flangeDiameter>
    </termination>
</ns2:instrument>
