<?xml version="1.0" encoding="UTF-8" standalone="yes"?>
<ns2:tuning xmlns:ns2="http://www.wwidesigner.com/Tuning">
    <name>Feadog Mk 1 Whistle Tuning</name>
    <comment>6-hole whistle, high D, Just Intonation tuning, with measured min/max tuning of Feadog Mk 1.</comment>
    <numberOfHoles>6</numberOfHoles>
    <fingering>
        <note>
            <name>D</name>
            <frequency>587.33</frequency>
            <frequencyMin>560.0</frequencyMin>
            <frequencyMax>600.0</frequencyMax>
        </note>
        <openHole>false</openHole>
        <openHole>false</openHole>
        <openHole>false</openHole>
        <openHole>false</openHole>
        <openHole>false</openHole>
        <openHole>false</openHole>
        <optimizationWeight>1</optimizationWeight>
    </fingering>
    <fingering>
        <note>
            <name>E</name>
            <frequency>660.75</frequency>
            <frequencyMin>630.0</frequencyMin>
            <frequencyMax>680.0</frequencyMax>
        </note>
        <openHole>false</openHole>
        <openHole>false</openHole>
        <openHole>false</openHole>
        <openHole>false</openHole>
        <openHole>false</openHole>
        <openHole>true</openHole>
        <optimizationWeight>1</optimizationWeight>
    </fingering>
    <fingering>
        <note>
            <name>F#</name>
            <frequency>734.16</frequency>
            <frequencyMin>700.0</frequencyMin>
            <frequencyMax>761.0</frequencyMax>
        </note>
        <openHole>false</openHole>
        <openHole>false</openHole>
        <openHole>false</openHole>
        <openHole>false</openHole>
        <openHole>true</openHole>
        <openHole>true</openHole>
        <optimizationWeight>1</optimizationWeight>
    </fingering>
    <fingering>
        <note>
            <name>G</name>
            <frequency>783.1</frequency>
            <frequencyMin>745.0</frequencyMin>
            <frequencyMax>818.0</frequencyMax>
        </note>
        <openHole>false</openHole>
        <openHole>false</openHole>
        <openHole>false</openHole>
        <openHole>true</openHole>
        <openHole>true</openHole>
        <openHole>true</openHole>
        <optimizationWeight>1</optimizationWeight>
    </fingering>
    <fingering>
        <note>
            <name>A</name>
            <frequency>880.99</frequency>
            <frequencyMin>810.0</frequencyMin>
            <frequencyMax>908.0</frequencyMax>
        </note>
        <openHole>false</openHole>
        <openHole>false</openHole>
        <openHole>true</openHole>
        <openHole>true</openHole>
        <openHole>true</openHole>
        <openHole>true</openHole>
        <optimizationWeight>1</optimizationWeight>
    </fingering>
    <fingering>
        <note>
            <name>B</name>
            <frequency>978.88</frequency>
            <frequencyMin>940.0</frequencyMin>
            <frequencyMax>1046.0</frequencyMax>
        </note>
        <openHole>false</openHole>
        <openHole>true</openHole>
        <openHole>true</openHole>
        <openHole>true</openHole>
        <openHole>true</openHole>
        <openHole>true</openHole>
        <optimizationWeight>1</optimizationWeight>
    </fingering>
    <fingering>
        <note>
            <name>C-nat</name>
            <frequency>1044.1</frequency>
            <frequencyMin>990.0</frequencyMin>
            <frequencyMax>1141.0</frequencyMax>
        </note>
        <openHole>true</openHole>
        <openHole>false</openHole>
        <openHole>false</openHole>
        <openHole>true</openHole>
        <openHole>true</openHole>
        <openHole>true</openHole>
        <optimizationWeight>1</optimizationWeight>
    </fingering>
    <fingering>
        <note>
            <name>C#</name>
            <frequency>1101.2</frequency>
            <frequencyMin>1040.0</frequencyMin>
            <frequencyMax>1181.0</frequencyMax>
        </note>
        <openHole>true</openHole>
        <openHole>true</openHole>
        <openHole>true</openHole>
        <openHole>true</openHole>
        <openHole>true</openHole>
        <openHole>true</openHole>
        <optimizationWeight>1</optimizationWeight>
    </fingering>
    <fingering>
        <note>
            <name>D</name>
            <frequency>1174.7</frequency>
            <frequencyMin>1139.0</frequencyMin>
            <frequencyMax>1222.0</frequencyMax>
        </note>
        <openHole>true</openHole>
        <openHole>false</openHole>
        <openHole>false</openHole>
        <openHole>false</openHole>
        <openHole>false</openHole>
        <openHole>false</openHole>
        <optimizationWeight>1</optimizationWeight>
    </fingering>
    <fingering>
        <note>
            <name>E</name>
            <frequency>1321.5</frequency>
            <frequencyMin>1260.0</frequencyMin>
            <frequencyMax>1362.0</frequencyMax>
        </note>
        <openHole>false</openHole>
        <openHole>false</openHole>
        <openHole>false</openHole>
        <openHole>false</openHole>
        <openHole>false</openHole>
        <openHole>true</openHole>
        <optimizationWeight>1</optimizationWeight>
    </fingering>
    <fingering>
        <note>
            <name>F#</name>
            <frequency>1468.3</frequency>
            <frequencyMin>1430.0</frequencyMin>
            <frequencyMax>1531.0</frequencyMax>
        </note>
        <openHole>false</openHole>
        <openHole>false</openHole>
        <openHole>false</openHole>
        <openHole>false</openHole>
        <openHole>true</openHole>
        <openHole>true</openHole>
        <optimizationWeight>1</optimizationWeight>
    </fingering>
    <fingering>
        <note>
            <name>G</name>
            <frequency>1566.2</frequency>
            <frequencyMin>1560.0</frequencyMin>
            <frequencyMax>1644.0</frequencyMax>
        </note>
        <openHole>false</openHole>
        <openHole>false</openHole>
        <openHole>false</openHole>
        <openHole>true</openHole>
        <openHole>true</openHole>
        <openHole>true</openHole>
        <optimizationWeight>1</optimizationWeight>
    </fingering>
    <fingering>
        <note>
            <name>A</name>
            <frequency>1762.0</frequency>
            <frequencyMin>1725.0</frequencyMin>
            <frequencyMax>1824.0</frequencyMax>
        </note>
        <openHole>false</openHole>
        <openHole>false</openHole>
        <openHole>true</openHole>
        <openHole>true</openHole>
        <openHole>true</openHole>
        <openHole>true</openHole>
        <optimizationWeight>1</optimizationWeight>
    </fingering>
    <fingering>
        <note>
            <name>B</name>
            <frequency>1957.8</frequency>
            <frequencyMin>1940.0</frequencyMin>
            <frequencyMax>2112.0</frequencyMax>
        </note>
        <openHole>false</openHole>
        <openHole>true</openHole>
        <openHole>true</openHole>
        <openHole>true</openHole>
        <openHole>true</openHole>
        <openHole>true</openHole>
        <optimizationWeight>1</optimizationWeight>
    </fingering>
    <fingering>
        <note>
            <name>C-nat</name>
            <frequency>2088.3</frequency>
            <frequencyMin>2020.0</frequencyMin>
            <frequencyMax>2159.0</frequencyMax>
        </note>
        <openHole>true</openHole>
        <openHole>false</openHole>
        <openHole>true</openHole>
        <openHole>false</openHole>
        <openHole>false</openHole>
        <openHole>false</openHole>
        <optimizationWeight>1</optimizationWeight>
    </fingering>
    <fingering>
        <note>
            <name>C#</name>
            <frequency>2202.5</frequency>
            <frequencyMin>2146.0</frequencyMin>
            <frequencyMax>2342.0</frequencyMax>
        </note>
        <openHole>true</openHole>
        <openHole>true</openHole>
        <openHole>true</openHole>
        <openHole>true</openHole>
        <openHole>true</openHole>
        <openHole>true</openHole>
        <optimizationWeight>1</optimizationWeight>
    </fingering>
    <fingering>
        <note>
            <name>D</name>
            <frequency>2349.3</frequency>
            <frequencyMin>2330.0</frequencyMin>
            <frequencyMax>2491.0</frequencyMax>
        </note>
        <openHole>true</openHole>
        <openHole>false</openHole>
        <openHole>false</openHole>
        <openHole>true</openHole>
        <openHole>true</openHole>
        <openHole>true</openHole>
        <optimizationWeight>1</optimizationWeight>
    </fingering>
</ns2:tuning>
