<?xml version="1.0" encoding="UTF-8" standalone="yes"?>
<ns2:instrument xmlns:ns2="http://www.wwidesigner.com/Instrument">
    <name>Generic flute</name>
    <description>6-hole PVC cylindrical flute, in D, with tuning wedge.</description>
    <lengthType>mm</lengthType>
    <mouthpiece>
        <position>-5.85</position>
        <embouchureHole>
            <length>11.7</length>
            <width>9.67</width>
            <height>5.5</height>
            <airstreamLength>4.0</airstreamLength>
            <airstreamHeight>1.5</airstreamHeight>
        </embouchureHole>
        <beta>0.35</beta>
    </mouthpiece>
    <borePoint>
        <borePosition>-18.5</borePosition>
        <boreDiameter>19.0</boreDiameter>
    </borePoint>
    <borePoint>
        <borePosition>56.0</borePosition>
        <boreDiameter>20.53</boreDiameter>
    </borePoint>
    <borePoint>
        <borePosition>514.5</borePosition>
        <boreDiameter>20.53</boreDiameter>
    </borePoint>
    <hole>
        <name>T1</name>
        <borePosition>223.5</borePosition>
        <diameter>9.0</diameter>
        <height>3.04</height>
    </hole>
    <hole>
        <name>T2</name>
        <borePosition>259.5</borePosition>
        <diameter>9.5</diameter>
        <height>3.04</height>
    </hole>
    <hole>
        <name>T3</name>
        <borePosition>296.0</borePosition>
        <diameter>8.4</diameter>
        <height>3.04</height>
    </hole>
    <hole>
        <name>B1</name>
        <borePosition>352.5</borePosition>
        <diameter>9.5</diameter>
        <height>3.04</height>
    </hole>
    <hole>
        <name>B2</name>
        <borePosition>378.5</borePosition>
        <diameter>10.2</diameter>
        <height>3.04</height>
    </hole>
    <hole>
        <name>B3</name>
        <borePosition>415.5</borePosition>
        <diameter>7.9</diameter>
        <height>3.04</height>
    </hole>
    <termination>
        <flangeDiameter>26.5</flangeDiameter>
    </termination>
</ns2:instrument>
