<?xml version="1.0" encoding="UTF-8" standalone="yes"?>
<ns2:instrument xmlns:ns2="http://www.wwidesigner.com/Instrument">
    <name>Feadog Mk 1</name>
    <description>6-hole high D Feadog Mk 1 whistle, untweaked</description>
    <lengthType>mm</lengthType>
    <mouthpiece>
        <position>0.0</position>
        <fipple>
            <windowLength>5.2</windowLength>
            <windowWidth>8.2</windowWidth>
            <windowHeight>3.0</windowHeight>
            <windwayLength>24.5</windwayLength>
            <windwayHeight>1.8</windwayHeight>
        </fipple>
        <beta>0.51</beta>
    </mouthpiece>
    <borePoint>
        <borePosition>-5.2</borePosition>
        <boreDiameter>12.0</boreDiameter>
    </borePoint>
    <borePoint>
        <borePosition>265.5</borePosition>
        <boreDiameter>12.0</boreDiameter>
    </borePoint>
    <hole>
        <name>T1</name>
        <borePosition>117.5</borePosition>
        <diameter>5.0</diameter>
        <height>0.35</height>
    </hole>
    <hole>
        <name>T2</name>
        <borePosition>138.0</borePosition>
        <diameter>6.6</diameter>
        <height>0.35</height>
    </hole>
    <hole>
        <name>T3</name>
        <borePosition>161.0</borePosition>
        <diameter>5.6</diameter>
        <height>0.35</height>
    </hole>
    <hole>
        <name>B1</name>
        <borePosition>183.5</borePosition>
        <diameter>5.7</diameter>
        <height>0.35</height>
    </hole>
    <hole>
        <name>B2</name>
        <borePosition>201.0</borePosition>
        <diameter>7.7</diameter>
        <height>0.35</height>
    </hole>
    <hole>
        <name>B3</name>
        <borePosition>226.5</borePosition>
        <diameter>6.9</diameter>
        <height>0.35</height>
    </hole>
    <termination>
        <flangeDiameter>12.0</flangeDiameter>
    </termination>
</ns2:instrument>
