<?xml version="1.0" encoding="UTF-8" standalone="yes"?>
<ns2:scale xmlns:ns2="http://www.wwidesigner.com/Tuning">
    <name>E4 ET chromatic, A440</name>
    <comment>In range of NAF</comment>
    <note>
        <name>E4</name>
        <frequency>329.6275569128699</frequency>
    </note>
    <note>
        <name>F4</name>
        <frequency>349.2282314330039</frequency>
    </note>
    <note>
        <name>F#4</name>
        <frequency>369.9944227116344</frequency>
    </note>
    <note>
        <name>G4</name>
        <frequency>391.99543598174927</frequency>
    </note>
    <note>
        <name>G#4</name>
        <frequency>415.3046975799451</frequency>
    </note>
    <note>
        <name>A4</name>
        <frequency>440.0</frequency>
    </note>
    <note>
        <name>A#4</name>
        <frequency>466.1637615180899</frequency>
    </note>
    <note>
        <name>B4</name>
        <frequency>493.8833012561241</frequency>
    </note>
    <note>
        <name>C5</name>
        <frequency>523.2511306011972</frequency>
    </note>
    <note>
        <name>C#5</name>
        <frequency>554.3652619537443</frequency>
    </note>
    <note>
        <name>D5</name>
        <frequency>587.3295358348151</frequency>
    </note>
    <note>
        <name>D#5</name>
        <frequency>622.2539674441618</frequency>
    </note>
    <note>
        <name>E5</name>
        <frequency>659.2551138257398</frequency>
    </note>
    <note>
        <name>F5</name>
        <frequency>698.4564628660078</frequency>
    </note>
    <note>
        <name>F#5</name>
        <frequency>739.9888454232688</frequency>
    </note>
    <note>
        <name>G5</name>
        <frequency>783.9908719634985</frequency>
    </note>
    <note>
        <name>G#5</name>
        <frequency>830.6093951598903</frequency>
    </note>
</ns2:scale>
