<?xml version="1.0" encoding="UTF-8" standalone="yes"?>
<ns2:tuning xmlns:ns2="http://www.wwidesigner.com/Tuning">
    <name>A3 Closed Fingering</name>
    <comment>Bagpipe chanter with thumbhole, closed fingering, with tonic D3, lowest note G3, Just Intonation tuning with A4=440.</comment>
    <numberOfHoles>8</numberOfHoles>
    <fingering>
        <note>
            <name>G</name>
            <frequency>195.56</frequency>
        </note>
        <openHole>false</openHole>
        <openHole>false</openHole>
        <openHole>false</openHole>
        <openHole>false</openHole>
        <openHole>false</openHole>
        <openHole>false</openHole>
        <openHole>false</openHole>
        <openHole>false</openHole>
        <optimizationWeight>1</optimizationWeight>
    </fingering>
    <fingering>
        <note>
            <name>A</name>
            <frequency>220.0</frequency>
        </note>
        <openHole>false</openHole>
        <openHole>false</openHole>
        <openHole>false</openHole>
        <openHole>false</openHole>
        <openHole>false</openHole>
        <openHole>false</openHole>
        <openHole>false</openHole>
        <openHole>true</openHole>
        <optimizationWeight>1</optimizationWeight>
    </fingering>
    <fingering>
        <note>
            <name>B</name>
            <frequency>244.44</frequency>
        </note>
        <openHole>false</openHole>
        <openHole>false</openHole>
        <openHole>false</openHole>
        <openHole>false</openHole>
        <openHole>false</openHole>
        <openHole>false</openHole>
        <openHole>true</openHole>
        <openHole>true</openHole>
        <optimizationWeight>1</optimizationWeight>
    </fingering>
    <fingering>
        <note>
            <name>C#</name>
            <frequency>275.0</frequency>
        </note>
        <openHole>false</openHole>
        <openHole>false</openHole>
        <openHole>false</openHole>
        <openHole>false</openHole>
        <openHole>false</openHole>
        <openHole>true</openHole>
        <openHole>true</openHole>
        <openHole>false</openHole>
        <optimizationWeight>1</optimizationWeight>
    </fingering>
    <fingering>
        <note>
            <name>D</name>
            <frequency>293.33</frequency>
        </note>
        <openHole>false</openHole>
        <openHole>false</openHole>
        <openHole>false</openHole>
        <openHole>false</openHole>
        <openHole>true</openHole>
        <openHole>true</openHole>
        <openHole>true</openHole>
        <openHole>false</openHole>
        <optimizationWeight>1</optimizationWeight>
    </fingering>
    <fingering>
        <note>
            <name>E</name>
            <frequency>330.0</frequency>
        </note>
        <openHole>false</openHole>
        <openHole>false</openHole>
        <openHole>false</openHole>
        <openHole>true</openHole>
        <openHole>false</openHole>
        <openHole>false</openHole>
        <openHole>false</openHole>
        <openHole>true</openHole>
        <optimizationWeight>1</optimizationWeight>
    </fingering>
    <fingering>
        <note>
            <name>F#</name>
            <frequency>366.67</frequency>
        </note>
        <openHole>false</openHole>
        <openHole>false</openHole>
        <openHole>true</openHole>
        <openHole>true</openHole>
        <openHole>false</openHole>
        <openHole>false</openHole>
        <openHole>false</openHole>
        <openHole>true</openHole>
        <optimizationWeight>1</optimizationWeight>
    </fingering>
    <fingering>
        <note>
            <name>G</name>
            <frequency>391.11</frequency>
        </note>
        <openHole>false</openHole>
        <openHole>true</openHole>
        <openHole>true</openHole>
        <openHole>true</openHole>
        <openHole>false</openHole>
        <openHole>false</openHole>
        <openHole>false</openHole>
        <openHole>true</openHole>
        <optimizationWeight>1</optimizationWeight>
    </fingering>
    <fingering>
        <note>
            <name>A</name>
            <frequency>440.0</frequency>
        </note>
        <openHole>true</openHole>
        <openHole>true</openHole>
        <openHole>true</openHole>
        <openHole>false</openHole>
        <openHole>false</openHole>
        <openHole>false</openHole>
        <openHole>false</openHole>
        <openHole>true</openHole>
        <optimizationWeight>1</optimizationWeight>
    </fingering>
</ns2:tuning>
